{
  "start": 6972,
  "end": 7004,
  "end_date": "2026-03-06",
  "predicted_pattern": "ascending_channel",
  "pred_return": 0.009870411828160286,
  "pred_low": 0.004546092823147774,
  "pred_high": -0.029924163594841957,
  "target_level": 86.25303557249907,
  "support_level": 85.79828546678272,
  "resistance_level": 82.85418073988836,
  "prob_double_bottom": 0.0009605846717022359,
  "prob_double_top": 0.0009577092714607716,
  "prob_ascending_channel": 0.8420583605766296,
  "prob_descending_channel": 0.13096250593662262,
  "prob_high_tight_flag": 0.0001538184005767107,
  "prob_head_shoulders": 0.0001659674890106544,
  "prob_inverse_head_shoulders": 0.00019818484724964947,
  "prob_range": 0.024542877450585365,
  "trend_slope": 0.43170210809418735,
  "residual_std": 2.836341219726491,
  "pattern_range": 17.77000428246094,
  "n_maxima": 4.0,
  "n_minima": 4.0,
  "symmetry_score": 0.8082911506706776,
  "drawdown": -0.020845431430763228,
  "volatility_ratio": 2.0086073139284633,
  "compression_ratio": 6.737327384721501,
  "breakout_strength": 0.8503095545093627,
  "return_mean": 0.007003858859455347,
  "return_std": 0.012244652026783816,
  "pattern_entropy": 0.2499641199030534,
  "metric_distance": 1.9756791866506505,
  "decay_beta": 0.6309573444801932,
  "volatility_spike": 1.0004231482775887,
  "dominant_pattern_window": "ascending_channel",
  "dominant_confidence_window": 0.399504390990828,
  "weighted_outlier_score": 0.4958038157852698,
  "outlier_flag": 1,
  "current_price": 85.41000366210938,
  "pred_return_pct": 0.9870411828160286,
  "pred_low_pct": 0.4546092823147774,
  "pred_high_pct": -2.9924163594841957
}